insert into PUBLIC.User (USER_ID, FIRST_NAME, LAST_NAME) values (1, 'Sarah', 'Cunningham');
insert into PUBLIC.User (USER_ID, FIRST_NAME, LAST_NAME) values (2, 'Russell', 'Ruiz');
insert into PUBLIC.User (USER_ID, FIRST_NAME, LAST_NAME) values (3, 'Carl', 'Perry');
insert into PUBLIC.User (USER_ID, FIRST_NAME, LAST_NAME) values (4, 'Martin', 'Woods');
insert into PUBLIC.User (USER_ID, FIRST_NAME, LAST_NAME) values (5, 'Sara', 'Gardner');
insert into PUBLIC.User (USER_ID, FIRST_NAME, LAST_NAME) values (6, 'Peter', 'Wagner');
insert into PUBLIC.User (USER_ID, FIRST_NAME, LAST_NAME) values (7, 'Judy', 'Thompson');
insert into PUBLIC.User (USER_ID, FIRST_NAME, LAST_NAME) values (8, 'Diane', 'Peters');
insert into PUBLIC.User (USER_ID, FIRST_NAME, LAST_NAME) values (9, 'Johnny', 'Robinson');
insert into PUBLIC.User (USER_ID, FIRST_NAME, LAST_NAME) values (10, 'Jane', 'Hughes');
insert into PUBLIC.User (USER_ID, FIRST_NAME, LAST_NAME) values (11, 'Paul', 'Martin');
insert into PUBLIC.User (USER_ID, FIRST_NAME, LAST_NAME) values (12, 'Sandra', 'Carpenter');
insert into PUBLIC.User (USER_ID, FIRST_NAME, LAST_NAME) values (13, 'Maria', 'Fowler');
insert into PUBLIC.User (USER_ID, FIRST_NAME, LAST_NAME) values (14, 'Shirley', 'Dean');
insert into PUBLIC.User (USER_ID, FIRST_NAME, LAST_NAME) values (15, 'Annie', 'Howard');
insert into PUBLIC.User (USER_ID, FIRST_NAME, LAST_NAME) values (16, 'Kimberly', 'Walker');
insert into PUBLIC.User (USER_ID, FIRST_NAME, LAST_NAME) values (17, 'Samuel', 'Kennedy');
insert into PUBLIC.User (USER_ID, FIRST_NAME, LAST_NAME) values (18, 'Paula', 'Powell');
insert into PUBLIC.User (USER_ID, FIRST_NAME, LAST_NAME) values (19, 'Jason', 'Kennedy');
insert into PUBLIC.User (USER_ID, FIRST_NAME, LAST_NAME) values (20, 'Timothy', 'Porter');
insert into PUBLIC.User (USER_ID, FIRST_NAME, LAST_NAME) values (21, 'Stephen', 'Sims');
insert into PUBLIC.User (USER_ID, FIRST_NAME, LAST_NAME) values (22, 'Matthew', 'Wells');
insert into PUBLIC.User (USER_ID, FIRST_NAME, LAST_NAME) values (23, 'Donna', 'Sanders');
insert into PUBLIC.User (USER_ID, FIRST_NAME, LAST_NAME) values (24, 'Billy', 'Rivera');
insert into PUBLIC.User (USER_ID, FIRST_NAME, LAST_NAME) values (25, 'Patrick', 'Reyes');
insert into PUBLIC.User (USER_ID, FIRST_NAME, LAST_NAME) values (26, 'Lois', 'Howard');
insert into PUBLIC.User (USER_ID, FIRST_NAME, LAST_NAME) values (27, 'Juan', 'Ferguson');
insert into PUBLIC.User (USER_ID, FIRST_NAME, LAST_NAME) values (28, 'Carol', 'Rice');
insert into PUBLIC.User (USER_ID, FIRST_NAME, LAST_NAME) values (29, 'Jerry', 'Gonzalez');
insert into PUBLIC.User (USER_ID, FIRST_NAME, LAST_NAME) values (30, 'Virginia', 'Little');
insert into PUBLIC.User (USER_ID, FIRST_NAME, LAST_NAME) values (31, 'Ann', 'Peterson');
insert into PUBLIC.User (USER_ID, FIRST_NAME, LAST_NAME) values (32, 'Katherine', 'Bryant');
insert into PUBLIC.User (USER_ID, FIRST_NAME, LAST_NAME) values (33, 'Amy', 'Gonzalez');
insert into PUBLIC.User (USER_ID, FIRST_NAME, LAST_NAME) values (34, 'Terry', 'Wagner');
insert into PUBLIC.User (USER_ID, FIRST_NAME, LAST_NAME) values (35, 'Betty', 'Sims');
insert into PUBLIC.User (USER_ID, FIRST_NAME, LAST_NAME) values (36, 'Christopher', 'Berry');
insert into PUBLIC.User (USER_ID, FIRST_NAME, LAST_NAME) values (37, 'Paula', 'Martinez');
insert into PUBLIC.User (USER_ID, FIRST_NAME, LAST_NAME) values (38, 'Evelyn', 'Crawford');
insert into PUBLIC.User (USER_ID, FIRST_NAME, LAST_NAME) values (39, 'Janice', 'Hunter');
insert into PUBLIC.User (USER_ID, FIRST_NAME, LAST_NAME) values (40, 'Harold', 'Hall');
insert into PUBLIC.User (USER_ID, FIRST_NAME, LAST_NAME) values (41, 'Ernest', 'Austin');
insert into PUBLIC.User (USER_ID, FIRST_NAME, LAST_NAME) values (42, 'Ruby', 'Kelley');
insert into PUBLIC.User (USER_ID, FIRST_NAME, LAST_NAME) values (43, 'Frances', 'Ryan');
insert into PUBLIC.User (USER_ID, FIRST_NAME, LAST_NAME) values (44, 'Charles', 'Larson');
insert into PUBLIC.User (USER_ID, FIRST_NAME, LAST_NAME) values (45, 'Shirley', 'Sims');
insert into PUBLIC.User (USER_ID, FIRST_NAME, LAST_NAME) values (46, 'Sean', 'Crawford');
insert into PUBLIC.User (USER_ID, FIRST_NAME, LAST_NAME) values (47, 'Laura', 'Carr');
insert into PUBLIC.User (USER_ID, FIRST_NAME, LAST_NAME) values (48, 'Nicholas', 'Hamilton');
insert into PUBLIC.User (USER_ID, FIRST_NAME, LAST_NAME) values (49, 'Kathleen', 'Warren');
insert into PUBLIC.User (USER_ID, FIRST_NAME, LAST_NAME) values (50, 'Judith', 'Bishop');

insert into PUBLIC.Book (BOOK_ID, TITLE, AUTHOR, USER_ID) values (1, 'Demimbu', 'Henry', 29);
insert into PUBLIC.Book (BOOK_ID, TITLE, AUTHOR, USER_ID) values (2, 'Vimbo', 'Mcdonald', 8);
insert into PUBLIC.Book (BOOK_ID, TITLE, AUTHOR, USER_ID) values (3, 'DabZ', 'Woods', 40);
insert into PUBLIC.Book (BOOK_ID, TITLE, AUTHOR, USER_ID) values (4, 'Meemm', 'Riley', 30);
insert into PUBLIC.Book (BOOK_ID, TITLE, AUTHOR, USER_ID) values (5, 'Rhynoodle', 'Cruz', 36);
insert into PUBLIC.Book (BOOK_ID, TITLE, AUTHOR, USER_ID) values (6, 'Muxo', 'Cox', 19);
insert into PUBLIC.Book (BOOK_ID, TITLE, AUTHOR, USER_ID) values (7, 'Reallinks', 'Lewis', 47);
insert into PUBLIC.Book (BOOK_ID, TITLE, AUTHOR, USER_ID) values (8, 'Youspan', 'King', 26);
insert into PUBLIC.Book (BOOK_ID, TITLE, AUTHOR, USER_ID) values (9, 'Brainbox', 'Gilbert', 14);
insert into PUBLIC.Book (BOOK_ID, TITLE, AUTHOR) values (10, 'Abatz', 'Phillips');
insert into PUBLIC.Book (BOOK_ID, TITLE, AUTHOR) values (11, 'Jazzy', 'Weaver');
insert into PUBLIC.Book (BOOK_ID, TITLE, AUTHOR) values (12, 'Yakitri', 'Lawson');
insert into PUBLIC.Book (BOOK_ID, TITLE, AUTHOR) values (13, 'Katz', 'Edwards');
insert into PUBLIC.Book (BOOK_ID, TITLE, AUTHOR) values (14, 'Topicware', 'Lawrence');
insert into PUBLIC.Book (BOOK_ID, TITLE, AUTHOR) values (15, 'Twitterbridge', 'Moreno');
insert into PUBLIC.Book (BOOK_ID, TITLE, AUTHOR) values (16, 'Wikido', 'Stanley');
insert into PUBLIC.Book (BOOK_ID, TITLE, AUTHOR) values (17, 'Flipopia', 'Larson');
insert into PUBLIC.Book (BOOK_ID, TITLE, AUTHOR) values (18, 'Kwimbee', 'Mason');
insert into PUBLIC.Book (BOOK_ID, TITLE, AUTHOR) values (19, 'Oyoloo', 'Rose');
insert into PUBLIC.Book (BOOK_ID, TITLE, AUTHOR) values (20, 'Youopia', 'Ferguson');
insert into PUBLIC.Book (BOOK_ID, TITLE, AUTHOR) values (21, 'Mymm', 'Cruz');
insert into PUBLIC.Book (BOOK_ID, TITLE, AUTHOR) values (22, 'Devcast', 'Frazier');
insert into PUBLIC.Book (BOOK_ID, TITLE, AUTHOR) values (23, 'Blognation', 'Flores');
insert into PUBLIC.Book (BOOK_ID, TITLE, AUTHOR) values (24, 'Brightdog', 'Harris');
insert into PUBLIC.Book (BOOK_ID, TITLE, AUTHOR) values (25, 'Voolith', 'Armstrong');
insert into PUBLIC.Book (BOOK_ID, TITLE, AUTHOR) values (26, 'Reallinks', 'Collins');
insert into PUBLIC.Book (BOOK_ID, TITLE, AUTHOR) values (27, 'Yabox', 'Price');
insert into PUBLIC.Book (BOOK_ID, TITLE, AUTHOR) values (28, 'Avamm', 'West');
insert into PUBLIC.Book (BOOK_ID, TITLE, AUTHOR) values (29, 'Gigazoom', 'Ferguson');
insert into PUBLIC.Book (BOOK_ID, TITLE, AUTHOR) values (30, 'Blogtags', 'Cole');
insert into PUBLIC.Book (BOOK_ID, TITLE, AUTHOR, USER_ID) values (31, 'Devify', 'Payne', 29);
insert into PUBLIC.Book (BOOK_ID, TITLE, AUTHOR, USER_ID) values (32, 'Centimia', 'Coleman', 9);
insert into PUBLIC.Book (BOOK_ID, TITLE, AUTHOR, USER_ID) values (33, 'Eazzy', 'Perry', 14);
insert into PUBLIC.Book (BOOK_ID, TITLE, AUTHOR, USER_ID) values (34, 'Livefish', 'Robertson', 32);
insert into PUBLIC.Book (BOOK_ID, TITLE, AUTHOR, USER_ID) values (35, 'Edgepulse', 'Henry', 9);
insert into PUBLIC.Book (BOOK_ID, TITLE, AUTHOR, USER_ID) values (36, 'Wikizz', 'Moore', 41);
insert into PUBLIC.Book (BOOK_ID, TITLE, AUTHOR, USER_ID) values (37, 'Jayo', 'Campbell', 9);
insert into PUBLIC.Book (BOOK_ID, TITLE, AUTHOR, USER_ID) values (38, 'Zoonder', 'Miller', 21);
insert into PUBLIC.Book (BOOK_ID, TITLE, AUTHOR, USER_ID) values (39, 'Centizu', 'Coleman', 45);
insert into PUBLIC.Book (BOOK_ID, TITLE, AUTHOR, USER_ID) values (40, 'Dazzlesphere', 'Jordan', 11);
insert into PUBLIC.Book (BOOK_ID, TITLE, AUTHOR, USER_ID) values (41, 'Brainbox', 'Davis', 22);
insert into PUBLIC.Book (BOOK_ID, TITLE, AUTHOR, USER_ID) values (42, 'Feedfish', 'Wheeler', 17);
insert into PUBLIC.Book (BOOK_ID, TITLE, AUTHOR, USER_ID) values (43, 'Centimia', 'Price', 35);
insert into PUBLIC.Book (BOOK_ID, TITLE, AUTHOR, USER_ID) values (44, 'Kare', 'Flores', 18);
insert into PUBLIC.Book (BOOK_ID, TITLE, AUTHOR, USER_ID) values (45, 'Dablist', 'Flores', 43);
insert into PUBLIC.Book (BOOK_ID, TITLE, AUTHOR, USER_ID) values (46, 'Skyba', 'Stevens', 46);
insert into PUBLIC.Book (BOOK_ID, TITLE, AUTHOR, USER_ID) values (47, 'Realcube', 'Johnson', 37);
insert into PUBLIC.Book (BOOK_ID, TITLE, AUTHOR, USER_ID) values (48, 'Aimbo', 'Campbell', 2);
insert into PUBLIC.Book (BOOK_ID, TITLE, AUTHOR, USER_ID) values (49, 'Dynabox', 'White', 26);
insert into PUBLIC.Book (BOOK_ID, TITLE, AUTHOR, USER_ID) values (50, 'Riffwire', 'Hanson', 17);
insert into PUBLIC.Book (BOOK_ID, TITLE, AUTHOR, USER_ID) values (51, 'Jabberstorm', 'Lynch', 11);
insert into PUBLIC.Book (BOOK_ID, TITLE, AUTHOR, USER_ID) values (52, 'Mudo', 'Flores', 19);
insert into PUBLIC.Book (BOOK_ID, TITLE, AUTHOR, USER_ID) values (53, 'Youspan', 'Wood', 20);
insert into PUBLIC.Book (BOOK_ID, TITLE, AUTHOR, USER_ID) values (54, 'Abata', 'Cunningham', 10);
insert into PUBLIC.Book (BOOK_ID, TITLE, AUTHOR, USER_ID) values (55, 'Jayo', 'Day', 44);
insert into PUBLIC.Book (BOOK_ID, TITLE, AUTHOR, USER_ID) values (56, 'Riffwire', 'Day', 8);
insert into PUBLIC.Book (BOOK_ID, TITLE, AUTHOR, USER_ID) values (57, 'Voolith', 'Rivera', 10);
insert into PUBLIC.Book (BOOK_ID, TITLE, AUTHOR, USER_ID) values (58, 'Minyx', 'Reyes', 34);
insert into PUBLIC.Book (BOOK_ID, TITLE, AUTHOR, USER_ID) values (59, 'Photolist', 'Gilbert', 33);
insert into PUBLIC.Book (BOOK_ID, TITLE, AUTHOR, USER_ID) values (60, 'Kayveo', 'Burns', 14);
insert into PUBLIC.Book (BOOK_ID, TITLE, AUTHOR, USER_ID) values (61, 'Twimm', 'Perry', 34);
insert into PUBLIC.Book (BOOK_ID, TITLE, AUTHOR, USER_ID) values (62, 'Jaloo', 'Nichols', 12);
insert into PUBLIC.Book (BOOK_ID, TITLE, AUTHOR, USER_ID) values (63, 'Eazzy', 'Gray', 17);
insert into PUBLIC.Book (BOOK_ID, TITLE, AUTHOR, USER_ID) values (64, 'Demivee', 'Morales', 13);
insert into PUBLIC.Book (BOOK_ID, TITLE, AUTHOR, USER_ID) values (65, 'Topicstorm', 'Clark', 16);
insert into PUBLIC.Book (BOOK_ID, TITLE, AUTHOR, USER_ID) values (66, 'Riffwire', 'Cruz', 5);
insert into PUBLIC.Book (BOOK_ID, TITLE, AUTHOR, USER_ID) values (67, 'Twinder', 'Mitchell', 3);
insert into PUBLIC.Book (BOOK_ID, TITLE, AUTHOR, USER_ID) values (68, 'Meembee', 'Bell', 38);
insert into PUBLIC.Book (BOOK_ID, TITLE, AUTHOR, USER_ID) values (69, 'Wikizz', 'Barnes', 39);
insert into PUBLIC.Book (BOOK_ID, TITLE, AUTHOR, USER_ID) values (70, 'Edgeclub', 'Garrett', 43);
insert into PUBLIC.Book (BOOK_ID, TITLE, AUTHOR, USER_ID) values (71, 'Yabox', 'Marshall', 12);
insert into PUBLIC.Book (BOOK_ID, TITLE, AUTHOR, USER_ID) values (72, 'Zoomlounge', 'Morris', 29);
insert into PUBLIC.Book (BOOK_ID, TITLE, AUTHOR, USER_ID) values (73, 'Dabfeed', 'Gonzalez', 29);
insert into PUBLIC.Book (BOOK_ID, TITLE, AUTHOR, USER_ID) values (74, 'Mydo', 'Frazier', 28);
insert into PUBLIC.Book (BOOK_ID, TITLE, AUTHOR, USER_ID) values (75, 'Tagfeed', 'Owens', 7);
insert into PUBLIC.Book (BOOK_ID, TITLE, AUTHOR, USER_ID) values (76, 'Buzzdog', 'Lynch', 36);
insert into PUBLIC.Book (BOOK_ID, TITLE, AUTHOR, USER_ID) values (77, 'Tazz', 'Armstrong', 36);
insert into PUBLIC.Book (BOOK_ID, TITLE, AUTHOR, USER_ID) values (78, 'Yozio', 'Hunt', 43);
insert into PUBLIC.Book (BOOK_ID, TITLE, AUTHOR, USER_ID) values (79, 'Browsezoom', 'Ryan', 41);
insert into PUBLIC.Book (BOOK_ID, TITLE, AUTHOR, USER_ID) values (80, 'Flipbug', 'Mendoza', 12);
insert into PUBLIC.Book (BOOK_ID, TITLE, AUTHOR, USER_ID) values (81, 'Feedfish', 'Kim', 18);
insert into PUBLIC.Book (BOOK_ID, TITLE, AUTHOR, USER_ID) values (82, 'Innotype', 'Matthews', 32);
insert into PUBLIC.Book (BOOK_ID, TITLE, AUTHOR, USER_ID) values (83, 'Agimba', 'Kelley', 7);
insert into PUBLIC.Book (BOOK_ID, TITLE, AUTHOR, USER_ID) values (84, 'Realcube', 'Crawford', 46);
insert into PUBLIC.Book (BOOK_ID, TITLE, AUTHOR, USER_ID) values (85, 'Trudeo', 'Medina', 5);
insert into PUBLIC.Book (BOOK_ID, TITLE, AUTHOR, USER_ID) values (86, 'Feedfire', 'Peters', 7);
insert into PUBLIC.Book (BOOK_ID, TITLE, AUTHOR, USER_ID) values (87, 'Browseblab', 'Harris', 39);
insert into PUBLIC.Book (BOOK_ID, TITLE, AUTHOR, USER_ID) values (88, 'Yombu', 'Bishop', 31);
insert into PUBLIC.Book (BOOK_ID, TITLE, AUTHOR, USER_ID) values (89, 'Twiyo', 'Adams', 35);
insert into PUBLIC.Book (BOOK_ID, TITLE, AUTHOR, USER_ID) values (90, 'Demivee', 'Brooks', 48);
insert into PUBLIC.Book (BOOK_ID, TITLE, AUTHOR, USER_ID) values (91, 'Topicblab', 'Crawford', 48);
insert into PUBLIC.Book (BOOK_ID, TITLE, AUTHOR, USER_ID) values (92, 'Realbuzz', 'Mills', 46);
insert into PUBLIC.Book (BOOK_ID, TITLE, AUTHOR, USER_ID) values (93, 'Devbug', 'Peterson', 29);
insert into PUBLIC.Book (BOOK_ID, TITLE, AUTHOR, USER_ID) values (94, 'Browsezoom', 'Coleman', 45);
insert into PUBLIC.Book (BOOK_ID, TITLE, AUTHOR, USER_ID) values (95, 'Fivebridge', 'Miller', 16);
insert into PUBLIC.Book (BOOK_ID, TITLE, AUTHOR, USER_ID) values (96, 'Centimia', 'Lee', 25);
insert into PUBLIC.Book (BOOK_ID, TITLE, AUTHOR, USER_ID) values (97, 'Trilith', 'Wells', 38);
insert into PUBLIC.Book (BOOK_ID, TITLE, AUTHOR, USER_ID) values (98, 'Chatterpoint', 'King', 5);
insert into PUBLIC.Book (BOOK_ID, TITLE, AUTHOR, USER_ID) values (99, 'Yombu', 'Flores', 33);
insert into PUBLIC.Book (BOOK_ID, TITLE, AUTHOR, USER_ID) values (100, 'Skibox', 'Woods', 42);
insert into PUBLIC.Book (BOOK_ID, TITLE, AUTHOR, USER_ID) values (101, 'Buzzshare', 'Diaz', 12);
insert into PUBLIC.Book (BOOK_ID, TITLE, AUTHOR, USER_ID) values (102, 'Meevee', 'King', 24);
insert into PUBLIC.Book (BOOK_ID, TITLE, AUTHOR, USER_ID) values (103, 'Kanoodle', 'Edwards', 39);
insert into PUBLIC.Book (BOOK_ID, TITLE, AUTHOR, USER_ID) values (104, 'Dabjam', 'Stanley', 50);
insert into PUBLIC.Book (BOOK_ID, TITLE, AUTHOR, USER_ID) values (105, 'Abatz', 'Hansen', 46);
insert into PUBLIC.Book (BOOK_ID, TITLE, AUTHOR, USER_ID) values (106, 'Oba', 'Day', 28);
insert into PUBLIC.Book (BOOK_ID, TITLE, AUTHOR, USER_ID) values (107, 'Jaxspan', 'Black', 43);
insert into PUBLIC.Book (BOOK_ID, TITLE, AUTHOR, USER_ID) values (108, 'Zoozzy', 'Nelson', 14);
insert into PUBLIC.Book (BOOK_ID, TITLE, AUTHOR, USER_ID) values (109, 'Flashpoint', 'Gardner', 4);
insert into PUBLIC.Book (BOOK_ID, TITLE, AUTHOR, USER_ID) values (110, 'Mybuzz', 'Barnes', 14);
insert into PUBLIC.Book (BOOK_ID, TITLE, AUTHOR, USER_ID) values (111, 'Topdrive', 'Mccoy', 40);
insert into PUBLIC.Book (BOOK_ID, TITLE, AUTHOR, USER_ID) values (112, 'Jetpulse', 'Wright', 8);
insert into PUBLIC.Book (BOOK_ID, TITLE, AUTHOR, USER_ID) values (113, 'Tagfeed', 'Shaw', 39);
insert into PUBLIC.Book (BOOK_ID, TITLE, AUTHOR, USER_ID) values (114, 'Edgewire', 'Burton', 3);
insert into PUBLIC.Book (BOOK_ID, TITLE, AUTHOR, USER_ID) values (115, 'Edgetag', 'Simpson', 6);
insert into PUBLIC.Book (BOOK_ID, TITLE, AUTHOR, USER_ID) values (116, 'Vipe', 'Simpson', 46);
insert into PUBLIC.Book (BOOK_ID, TITLE, AUTHOR, USER_ID) values (117, 'Vitz', 'Sanders', 41);
insert into PUBLIC.Book (BOOK_ID, TITLE, AUTHOR, USER_ID) values (118, 'Realfire', 'Parker', 42);
insert into PUBLIC.Book (BOOK_ID, TITLE, AUTHOR, USER_ID) values (119, 'Vipe', 'Kelly', 17);
insert into PUBLIC.Book (BOOK_ID, TITLE, AUTHOR, USER_ID) values (120, 'Kwimbee', 'Willis', 24);
insert into PUBLIC.Book (BOOK_ID, TITLE, AUTHOR, USER_ID) values (121, 'Eabox', 'Richards', 46);
insert into PUBLIC.Book (BOOK_ID, TITLE, AUTHOR, USER_ID) values (122, 'Eayo', 'Richardson', 49);
insert into PUBLIC.Book (BOOK_ID, TITLE, AUTHOR, USER_ID) values (123, 'Ozu', 'Ruiz', 18);
insert into PUBLIC.Book (BOOK_ID, TITLE, AUTHOR, USER_ID) values (124, 'Yodel', 'Kim', 42);
insert into PUBLIC.Book (BOOK_ID, TITLE, AUTHOR, USER_ID) values (125, 'Linklinks', 'Andrews', 29);
insert into PUBLIC.Book (BOOK_ID, TITLE, AUTHOR, USER_ID) values (126, 'Photospace', 'Hayes', 45);
insert into PUBLIC.Book (BOOK_ID, TITLE, AUTHOR, USER_ID) values (127, 'Flashpoint', 'Hunter', 38);
insert into PUBLIC.Book (BOOK_ID, TITLE, AUTHOR, USER_ID) values (128, 'Blogspan', 'Reid', 21);
insert into PUBLIC.Book (BOOK_ID, TITLE, AUTHOR, USER_ID) values (129, 'Oyondu', 'Wilson', 9);
insert into PUBLIC.Book (BOOK_ID, TITLE, AUTHOR, USER_ID) values (130, 'Aibox', 'Johnston', 1);
insert into PUBLIC.Book (BOOK_ID, TITLE, AUTHOR, USER_ID) values (131, 'Jaxbean', 'Taylor', 29);
insert into PUBLIC.Book (BOOK_ID, TITLE, AUTHOR, USER_ID) values (132, 'Meetz', 'Lawson', 10);
insert into PUBLIC.Book (BOOK_ID, TITLE, AUTHOR, USER_ID) values (133, 'Midel', 'Montgomery', 27);
insert into PUBLIC.Book (BOOK_ID, TITLE, AUTHOR, USER_ID) values (134, 'Meemm', 'Roberts', 40);
insert into PUBLIC.Book (BOOK_ID, TITLE, AUTHOR, USER_ID) values (135, 'Gigazoom', 'Kim', 47);
insert into PUBLIC.Book (BOOK_ID, TITLE, AUTHOR, USER_ID) values (136, 'Eayo', 'Barnes', 43);
insert into PUBLIC.Book (BOOK_ID, TITLE, AUTHOR, USER_ID) values (137, 'Vidoo', 'Hawkins', 45);
insert into PUBLIC.Book (BOOK_ID, TITLE, AUTHOR, USER_ID) values (138, 'Gevee', 'Reynolds', 47);
insert into PUBLIC.Book (BOOK_ID, TITLE, AUTHOR, USER_ID) values (139, 'Bubblebox', 'Warren', 7);
insert into PUBLIC.Book (BOOK_ID, TITLE, AUTHOR, USER_ID) values (140, 'Buzzbean', 'Webb', 32);
insert into PUBLIC.Book (BOOK_ID, TITLE, AUTHOR, USER_ID) values (141, 'Quamba', 'Riley', 17);
insert into PUBLIC.Book (BOOK_ID, TITLE, AUTHOR, USER_ID) values (142, 'Ooba', 'Stanley', 1);
insert into PUBLIC.Book (BOOK_ID, TITLE, AUTHOR, USER_ID) values (143, 'Zoombeat', 'Wood', 49);
insert into PUBLIC.Book (BOOK_ID, TITLE, AUTHOR, USER_ID) values (144, 'Mycat', 'Harrison', 15);
insert into PUBLIC.Book (BOOK_ID, TITLE, AUTHOR, USER_ID) values (145, 'Plajo', 'Peters', 36);
insert into PUBLIC.Book (BOOK_ID, TITLE, AUTHOR, USER_ID) values (146, 'Jabbercube', 'Miller', 48);
insert into PUBLIC.Book (BOOK_ID, TITLE, AUTHOR, USER_ID) values (147, 'Realcube', 'Smith', 19);
insert into PUBLIC.Book (BOOK_ID, TITLE, AUTHOR, USER_ID) values (148, 'Wikibox', 'Peterson', 16);
insert into PUBLIC.Book (BOOK_ID, TITLE, AUTHOR, USER_ID) values (149, 'Fadeo', 'Rodriguez', 5);
insert into PUBLIC.Book (BOOK_ID, TITLE, AUTHOR, USER_ID) values (150, 'Tagfeed', 'Medina', 49);
insert into PUBLIC.Book (BOOK_ID, TITLE, AUTHOR, USER_ID) values (151, 'Twimm', 'Sanders', 48);
insert into PUBLIC.Book (BOOK_ID, TITLE, AUTHOR, USER_ID) values (152, 'Skippad', 'Marshall', 2);
insert into PUBLIC.Book (BOOK_ID, TITLE, AUTHOR, USER_ID) values (153, 'Ntag', 'Morgan', 3);
insert into PUBLIC.Book (BOOK_ID, TITLE, AUTHOR, USER_ID) values (154, 'Leenti', 'Campbell', 24);
insert into PUBLIC.Book (BOOK_ID, TITLE, AUTHOR, USER_ID) values (155, 'Babbleopia', 'Palmer', 28);
insert into PUBLIC.Book (BOOK_ID, TITLE, AUTHOR, USER_ID) values (156, 'Skinder', 'Frazier', 32);
insert into PUBLIC.Book (BOOK_ID, TITLE, AUTHOR, USER_ID) values (157, 'Jaloo', 'Gray', 17);
insert into PUBLIC.Book (BOOK_ID, TITLE, AUTHOR, USER_ID) values (158, 'Oyope', 'Butler', 36);
insert into PUBLIC.Book (BOOK_ID, TITLE, AUTHOR, USER_ID) values (159, 'Tagcat', 'Sullivan', 43);
insert into PUBLIC.Book (BOOK_ID, TITLE, AUTHOR, USER_ID) values (160, 'Tazz', 'Cunningham', 43);
insert into PUBLIC.Book (BOOK_ID, TITLE, AUTHOR, USER_ID) values (161, 'Devpoint', 'Mitchell', 43);
insert into PUBLIC.Book (BOOK_ID, TITLE, AUTHOR, USER_ID) values (162, 'Oyope', 'Russell', 10);
insert into PUBLIC.Book (BOOK_ID, TITLE, AUTHOR, USER_ID) values (163, 'Aimbo', 'Price', 25);
insert into PUBLIC.Book (BOOK_ID, TITLE, AUTHOR, USER_ID) values (164, 'Youtags', 'Rivera', 40);
insert into PUBLIC.Book (BOOK_ID, TITLE, AUTHOR, USER_ID) values (165, 'Flashpoint', 'Hernandez', 11);
insert into PUBLIC.Book (BOOK_ID, TITLE, AUTHOR, USER_ID) values (166, 'Bubblebox', 'Cook', 48);
insert into PUBLIC.Book (BOOK_ID, TITLE, AUTHOR, USER_ID) values (167, 'Innojam', 'Webb', 9);
insert into PUBLIC.Book (BOOK_ID, TITLE, AUTHOR, USER_ID) values (168, 'Kayveo', 'Andrews', 42);
insert into PUBLIC.Book (BOOK_ID, TITLE, AUTHOR, USER_ID) values (169, 'Abata', 'Chapman', 49);
insert into PUBLIC.Book (BOOK_ID, TITLE, AUTHOR, USER_ID) values (170, 'Minyx', 'Porter', 13);
insert into PUBLIC.Book (BOOK_ID, TITLE, AUTHOR, USER_ID) values (171, 'Camido', 'Patterson', 1);
insert into PUBLIC.Book (BOOK_ID, TITLE, AUTHOR, USER_ID) values (172, 'Jetpulse', 'Martin', 18);
insert into PUBLIC.Book (BOOK_ID, TITLE, AUTHOR, USER_ID) values (173, 'Voonte', 'Wilson', 31);
insert into PUBLIC.Book (BOOK_ID, TITLE, AUTHOR, USER_ID) values (174, 'Kimia', 'Perkins', 7);
insert into PUBLIC.Book (BOOK_ID, TITLE, AUTHOR, USER_ID) values (175, 'Fadeo', 'Hughes', 35);
insert into PUBLIC.Book (BOOK_ID, TITLE, AUTHOR, USER_ID) values (176, 'Devify', 'Hill', 42);
insert into PUBLIC.Book (BOOK_ID, TITLE, AUTHOR, USER_ID) values (177, 'Realpoint', 'Garcia', 37);
insert into PUBLIC.Book (BOOK_ID, TITLE, AUTHOR, USER_ID) values (178, 'Abata', 'Kelly', 47);
insert into PUBLIC.Book (BOOK_ID, TITLE, AUTHOR, USER_ID) values (179, 'Tanoodle', 'Allen', 39);
insert into PUBLIC.Book (BOOK_ID, TITLE, AUTHOR, USER_ID) values (180, 'Zooveo', 'Foster', 48);
insert into PUBLIC.Book (BOOK_ID, TITLE, AUTHOR, USER_ID) values (181, 'Twitterlist', 'Henry', 33);
insert into PUBLIC.Book (BOOK_ID, TITLE, AUTHOR, USER_ID) values (182, 'Voomm', 'Rodriguez', 10);
insert into PUBLIC.Book (BOOK_ID, TITLE, AUTHOR, USER_ID) values (183, 'Dazzlesphere', 'George', 6);
insert into PUBLIC.Book (BOOK_ID, TITLE, AUTHOR, USER_ID) values (184, 'Pixope', 'Little', 5);
insert into PUBLIC.Book (BOOK_ID, TITLE, AUTHOR, USER_ID) values (185, 'Livefish', 'Dunn', 4);
insert into PUBLIC.Book (BOOK_ID, TITLE, AUTHOR, USER_ID) values (186, 'Rhyloo', 'Garrett', 8);
insert into PUBLIC.Book (BOOK_ID, TITLE, AUTHOR, USER_ID) values (187, 'Yotz', 'Montgomery', 10);
insert into PUBLIC.Book (BOOK_ID, TITLE, AUTHOR, USER_ID) values (188, 'Skajo', 'Medina', 28);
insert into PUBLIC.Book (BOOK_ID, TITLE, AUTHOR, USER_ID) values (189, 'Brightbean', 'Sims', 16);
insert into PUBLIC.Book (BOOK_ID, TITLE, AUTHOR, USER_ID) values (190, 'Yodo', 'Clark', 26);
insert into PUBLIC.Book (BOOK_ID, TITLE, AUTHOR, USER_ID) values (191, 'Thoughtsphere', 'Greene', 50);
insert into PUBLIC.Book (BOOK_ID, TITLE, AUTHOR, USER_ID) values (192, 'Wikizz', 'Johnson', 9);
insert into PUBLIC.Book (BOOK_ID, TITLE, AUTHOR, USER_ID) values (193, 'Riffwire', 'Coleman', 30);
insert into PUBLIC.Book (BOOK_ID, TITLE, AUTHOR, USER_ID) values (194, 'Gigaclub', 'Harper', 18);
insert into PUBLIC.Book (BOOK_ID, TITLE, AUTHOR, USER_ID) values (195, 'Meembee', 'Porter', 45);
insert into PUBLIC.Book (BOOK_ID, TITLE, AUTHOR, USER_ID) values (196, 'Avaveo', 'Reyes', 28);
insert into PUBLIC.Book (BOOK_ID, TITLE, AUTHOR, USER_ID) values (197, 'Viva', 'Ortiz', 15);
insert into PUBLIC.Book (BOOK_ID, TITLE, AUTHOR, USER_ID) values (198, 'Quatz', 'Gilbert', 33);
insert into PUBLIC.Book (BOOK_ID, TITLE, AUTHOR, USER_ID) values (199, 'Flashset', 'Clark', 48);
insert into PUBLIC.Book (BOOK_ID, TITLE, AUTHOR, USER_ID) values (200, 'Demivee', 'Kim', 46);

insert into PUBLIC.Book_usage (BOOK_ID, USED_SINCE, USED_UNTIL) values (1, '2010-02-11 22:53:32', '2004-09-25 15:38:57');
insert into PUBLIC.Book_usage (BOOK_ID, USED_SINCE, USED_UNTIL) values (2, '2009-04-21 23:53:41', '2001-05-23 00:42:42');
insert into PUBLIC.Book_usage (BOOK_ID, USED_SINCE, USED_UNTIL) values (3, '2005-11-09 19:36:04', '2009-10-15 08:56:25');
insert into PUBLIC.Book_usage (BOOK_ID, USED_SINCE, USED_UNTIL) values (4, '2013-01-30 07:50:05', '2013-06-07 13:53:46');
insert into PUBLIC.Book_usage (BOOK_ID, USED_SINCE, USED_UNTIL) values (5, '2011-09-29 00:51:49', '2007-04-08 17:44:09');
insert into PUBLIC.Book_usage (BOOK_ID, USED_SINCE, USED_UNTIL) values (6, '2003-10-24 14:09:37', '2008-10-02 00:26:53');
insert into PUBLIC.Book_usage (BOOK_ID, USED_SINCE, USED_UNTIL) values (7, '2006-08-02 09:15:14', '2007-03-08 12:58:29');
insert into PUBLIC.Book_usage (BOOK_ID, USED_SINCE, USED_UNTIL) values (8, '2004-09-04 18:48:45', '2012-07-28 04:48:12');
insert into PUBLIC.Book_usage (BOOK_ID, USED_SINCE, USED_UNTIL) values (9, '2015-03-04 15:46:29', '2005-09-19 00:49:50');
insert into PUBLIC.Book_usage (BOOK_ID, USED_SINCE, USED_UNTIL) values (10, NULL, NULL);
insert into PUBLIC.Book_usage (BOOK_ID, USED_SINCE, USED_UNTIL) values (11, NULL, NULL);
insert into PUBLIC.Book_usage (BOOK_ID, USED_SINCE, USED_UNTIL) values (12, NULL, NULL);
insert into PUBLIC.Book_usage (BOOK_ID, USED_SINCE, USED_UNTIL) values (13, NULL, NULL);
insert into PUBLIC.Book_usage (BOOK_ID, USED_SINCE, USED_UNTIL) values (14, NULL, NULL);
insert into PUBLIC.Book_usage (BOOK_ID, USED_SINCE, USED_UNTIL) values (15, NULL, NULL);
insert into PUBLIC.Book_usage (BOOK_ID, USED_SINCE, USED_UNTIL) values (16, NULL, NULL);
insert into PUBLIC.Book_usage (BOOK_ID, USED_SINCE, USED_UNTIL) values (17, NULL, NULL);
insert into PUBLIC.Book_usage (BOOK_ID, USED_SINCE, USED_UNTIL) values (18, NULL, NULL);
insert into PUBLIC.Book_usage (BOOK_ID, USED_SINCE, USED_UNTIL) values (19, NULL, NULL);
insert into PUBLIC.Book_usage (BOOK_ID, USED_SINCE, USED_UNTIL) values (20, NULL, NULL);
insert into PUBLIC.Book_usage (BOOK_ID, USED_SINCE, USED_UNTIL) values (21, NULL, NULL);
insert into PUBLIC.Book_usage (BOOK_ID, USED_SINCE, USED_UNTIL) values (22, NULL, NULL);
insert into PUBLIC.Book_usage (BOOK_ID, USED_SINCE, USED_UNTIL) values (23, NULL, NULL);
insert into PUBLIC.Book_usage (BOOK_ID, USED_SINCE, USED_UNTIL) values (24, NULL, NULL);
insert into PUBLIC.Book_usage (BOOK_ID, USED_SINCE, USED_UNTIL) values (25, NULL, NULL);
insert into PUBLIC.Book_usage (BOOK_ID, USED_SINCE, USED_UNTIL) values (26, NULL, NULL);
insert into PUBLIC.Book_usage (BOOK_ID, USED_SINCE, USED_UNTIL) values (27, NULL, NULL);
insert into PUBLIC.Book_usage (BOOK_ID, USED_SINCE, USED_UNTIL) values (28, NULL, NULL);
insert into PUBLIC.Book_usage (BOOK_ID, USED_SINCE, USED_UNTIL) values (29, NULL, NULL);
insert into PUBLIC.Book_usage (BOOK_ID, USED_SINCE, USED_UNTIL) values (30, NULL, NULL);
insert into PUBLIC.Book_usage (BOOK_ID, USED_SINCE, USED_UNTIL) values (31, '2002-08-18 08:09:19', '2003-01-09 03:18:17');
insert into PUBLIC.Book_usage (BOOK_ID, USED_SINCE, USED_UNTIL) values (32, '2001-10-23 16:26:14', '2009-04-04 09:55:40');
insert into PUBLIC.Book_usage (BOOK_ID, USED_SINCE, USED_UNTIL) values (33, '2010-05-26 17:42:23', '2010-05-02 16:01:45');
insert into PUBLIC.Book_usage (BOOK_ID, USED_SINCE, USED_UNTIL) values (34, '2015-02-12 20:44:59', '2010-01-21 20:14:40');
insert into PUBLIC.Book_usage (BOOK_ID, USED_SINCE, USED_UNTIL) values (35, '2013-02-11 18:33:30', '2007-08-01 05:50:03');
insert into PUBLIC.Book_usage (BOOK_ID, USED_SINCE, USED_UNTIL) values (36, '2003-12-06 10:23:46', '2002-04-19 15:55:32');
insert into PUBLIC.Book_usage (BOOK_ID, USED_SINCE, USED_UNTIL) values (37, '2004-04-06 04:54:38', '2010-08-18 08:15:16');
insert into PUBLIC.Book_usage (BOOK_ID, USED_SINCE, USED_UNTIL) values (38, '2004-11-25 18:07:56', '2007-07-21 16:51:40');
insert into PUBLIC.Book_usage (BOOK_ID, USED_SINCE, USED_UNTIL) values (39, '2012-11-18 12:40:28', '2010-10-29 06:30:36');
insert into PUBLIC.Book_usage (BOOK_ID, USED_SINCE, USED_UNTIL) values (40, '2006-05-30 23:04:36', '2010-02-11 22:09:18');
insert into PUBLIC.Book_usage (BOOK_ID, USED_SINCE, USED_UNTIL) values (41, '2011-12-14 22:57:57', '2003-10-03 12:04:26');
insert into PUBLIC.Book_usage (BOOK_ID, USED_SINCE, USED_UNTIL) values (42, '2007-03-23 15:53:28', '2002-06-12 08:48:11');
insert into PUBLIC.Book_usage (BOOK_ID, USED_SINCE, USED_UNTIL) values (43, '2003-08-15 20:14:03', '2004-06-23 16:11:43');
insert into PUBLIC.Book_usage (BOOK_ID, USED_SINCE, USED_UNTIL) values (44, '2007-10-23 14:17:26', '2013-02-28 05:55:20');
insert into PUBLIC.Book_usage (BOOK_ID, USED_SINCE, USED_UNTIL) values (45, '2003-08-26 23:15:46', '2004-03-25 14:07:48');
insert into PUBLIC.Book_usage (BOOK_ID, USED_SINCE, USED_UNTIL) values (46, '2006-01-15 11:27:04', '2015-03-22 16:01:11');
insert into PUBLIC.Book_usage (BOOK_ID, USED_SINCE, USED_UNTIL) values (47, '2005-03-15 05:49:18', '2002-12-16 20:11:49');
insert into PUBLIC.Book_usage (BOOK_ID, USED_SINCE, USED_UNTIL) values (48, '2005-08-11 14:17:52', '2006-03-07 20:14:06');
insert into PUBLIC.Book_usage (BOOK_ID, USED_SINCE, USED_UNTIL) values (49, '2005-11-02 08:06:39', '2002-06-16 01:27:09');
insert into PUBLIC.Book_usage (BOOK_ID, USED_SINCE, USED_UNTIL) values (50, '2014-01-15 23:47:49', '2003-10-08 04:32:31');
insert into PUBLIC.Book_usage (BOOK_ID, USED_SINCE, USED_UNTIL) values (51, '2012-10-22 13:08:30', '2005-04-02 18:31:58');
insert into PUBLIC.Book_usage (BOOK_ID, USED_SINCE, USED_UNTIL) values (52, '2000-11-04 03:23:17', '2008-01-27 12:26:30');
insert into PUBLIC.Book_usage (BOOK_ID, USED_SINCE, USED_UNTIL) values (53, '2011-01-17 08:52:12', '2004-10-03 22:50:48');
insert into PUBLIC.Book_usage (BOOK_ID, USED_SINCE, USED_UNTIL) values (54, '2005-02-26 05:36:05', '2007-06-09 09:08:20');
insert into PUBLIC.Book_usage (BOOK_ID, USED_SINCE, USED_UNTIL) values (55, '2003-12-30 04:26:18', '2002-01-27 17:14:46');
insert into PUBLIC.Book_usage (BOOK_ID, USED_SINCE, USED_UNTIL) values (56, '2012-06-30 08:49:53', '2014-12-26 17:27:33');
insert into PUBLIC.Book_usage (BOOK_ID, USED_SINCE, USED_UNTIL) values (57, '2001-07-18 05:57:35', '2000-11-17 02:03:31');
insert into PUBLIC.Book_usage (BOOK_ID, USED_SINCE, USED_UNTIL) values (58, '2014-04-20 12:47:48', '2012-08-27 23:12:14');
insert into PUBLIC.Book_usage (BOOK_ID, USED_SINCE, USED_UNTIL) values (59, '2014-12-02 10:39:05', '2002-04-25 00:04:59');
insert into PUBLIC.Book_usage (BOOK_ID, USED_SINCE, USED_UNTIL) values (60, '2005-01-09 13:02:08', '2008-10-31 22:43:44');
insert into PUBLIC.Book_usage (BOOK_ID, USED_SINCE, USED_UNTIL) values (61, '2002-09-06 14:40:43', '2011-01-08 06:28:17');
insert into PUBLIC.Book_usage (BOOK_ID, USED_SINCE, USED_UNTIL) values (62, '2004-01-03 09:45:06', '2007-10-11 03:19:49');
insert into PUBLIC.Book_usage (BOOK_ID, USED_SINCE, USED_UNTIL) values (63, '2006-10-06 04:42:10', '2001-12-08 08:46:22');
insert into PUBLIC.Book_usage (BOOK_ID, USED_SINCE, USED_UNTIL) values (64, '2000-07-11 11:16:00', '2000-07-17 03:32:52');
insert into PUBLIC.Book_usage (BOOK_ID, USED_SINCE, USED_UNTIL) values (65, '2013-12-08 11:36:09', '2000-08-11 04:51:01');
insert into PUBLIC.Book_usage (BOOK_ID, USED_SINCE, USED_UNTIL) values (66, '2002-01-17 01:05:52', '2002-08-17 09:15:39');
insert into PUBLIC.Book_usage (BOOK_ID, USED_SINCE, USED_UNTIL) values (67, '2000-08-11 01:53:56', '2003-07-09 16:46:42');
insert into PUBLIC.Book_usage (BOOK_ID, USED_SINCE, USED_UNTIL) values (68, '2005-03-10 07:19:09', '2007-03-28 15:25:29');
insert into PUBLIC.Book_usage (BOOK_ID, USED_SINCE, USED_UNTIL) values (69, '2002-04-23 11:37:05', '2002-09-08 09:30:37');
insert into PUBLIC.Book_usage (BOOK_ID, USED_SINCE, USED_UNTIL) values (70, '2004-08-15 04:33:05', '2015-03-31 10:30:22');
insert into PUBLIC.Book_usage (BOOK_ID, USED_SINCE, USED_UNTIL) values (71, '2002-12-22 05:01:18', '2015-04-28 19:27:33');
insert into PUBLIC.Book_usage (BOOK_ID, USED_SINCE, USED_UNTIL) values (72, '2015-01-13 14:01:27', '2007-09-16 09:43:59');
insert into PUBLIC.Book_usage (BOOK_ID, USED_SINCE, USED_UNTIL) values (73, '2011-11-06 10:13:46', '2001-02-19 16:33:16');
insert into PUBLIC.Book_usage (BOOK_ID, USED_SINCE, USED_UNTIL) values (74, '2014-01-24 13:24:06', '2005-01-16 22:50:54');
insert into PUBLIC.Book_usage (BOOK_ID, USED_SINCE, USED_UNTIL) values (75, '2011-11-07 16:24:12', '2000-12-09 03:18:10');
insert into PUBLIC.Book_usage (BOOK_ID, USED_SINCE, USED_UNTIL) values (76, '2001-09-20 21:24:33', '2000-05-30 22:51:11');
insert into PUBLIC.Book_usage (BOOK_ID, USED_SINCE, USED_UNTIL) values (77, '2008-11-14 10:10:55', '2001-08-21 00:18:34');
insert into PUBLIC.Book_usage (BOOK_ID, USED_SINCE, USED_UNTIL) values (78, '2015-02-25 10:05:49', '2004-12-31 06:00:16');
insert into PUBLIC.Book_usage (BOOK_ID, USED_SINCE, USED_UNTIL) values (79, '2001-01-09 07:34:28', '2012-10-20 08:43:58');
insert into PUBLIC.Book_usage (BOOK_ID, USED_SINCE, USED_UNTIL) values (80, '2013-10-22 04:58:56', '2012-09-19 03:20:38');
insert into PUBLIC.Book_usage (BOOK_ID, USED_SINCE, USED_UNTIL) values (81, '2002-04-20 08:07:39', '2008-11-09 15:02:04');
insert into PUBLIC.Book_usage (BOOK_ID, USED_SINCE, USED_UNTIL) values (82, '2001-11-30 22:10:49', '2000-05-31 03:34:54');
insert into PUBLIC.Book_usage (BOOK_ID, USED_SINCE, USED_UNTIL) values (83, '2014-02-22 21:46:44', '2010-03-19 12:09:41');
insert into PUBLIC.Book_usage (BOOK_ID, USED_SINCE, USED_UNTIL) values (84, '2009-03-17 16:47:11', '2011-09-27 13:33:23');
insert into PUBLIC.Book_usage (BOOK_ID, USED_SINCE, USED_UNTIL) values (85, '2003-06-22 11:57:30', '2015-03-31 00:27:58');
insert into PUBLIC.Book_usage (BOOK_ID, USED_SINCE, USED_UNTIL) values (86, '2014-01-09 18:48:46', '2009-04-07 03:01:20');
insert into PUBLIC.Book_usage (BOOK_ID, USED_SINCE, USED_UNTIL) values (87, '2013-06-13 20:50:42', '2007-02-17 20:13:10');
insert into PUBLIC.Book_usage (BOOK_ID, USED_SINCE, USED_UNTIL) values (88, '2010-09-17 08:34:50', '2005-08-05 06:29:50');
insert into PUBLIC.Book_usage (BOOK_ID, USED_SINCE, USED_UNTIL) values (89, '2014-06-23 14:54:33', '2009-08-31 04:03:41');
insert into PUBLIC.Book_usage (BOOK_ID, USED_SINCE, USED_UNTIL) values (90, '2011-02-19 01:16:26', '2010-01-06 22:37:49');
insert into PUBLIC.Book_usage (BOOK_ID, USED_SINCE, USED_UNTIL) values (91, '2003-04-21 10:29:01', '2006-05-26 01:08:07');
insert into PUBLIC.Book_usage (BOOK_ID, USED_SINCE, USED_UNTIL) values (92, '2008-02-24 05:07:43', '2004-05-30 06:13:53');
insert into PUBLIC.Book_usage (BOOK_ID, USED_SINCE, USED_UNTIL) values (93, '2012-10-19 16:20:45', '2013-10-03 21:26:21');
insert into PUBLIC.Book_usage (BOOK_ID, USED_SINCE, USED_UNTIL) values (94, '2002-02-11 01:13:36', '2003-12-17 00:58:11');
insert into PUBLIC.Book_usage (BOOK_ID, USED_SINCE, USED_UNTIL) values (95, '2010-08-17 07:55:07', '2007-03-27 04:06:57');
insert into PUBLIC.Book_usage (BOOK_ID, USED_SINCE, USED_UNTIL) values (96, '2002-05-09 06:27:16', '2015-03-04 12:02:36');
insert into PUBLIC.Book_usage (BOOK_ID, USED_SINCE, USED_UNTIL) values (97, '2014-08-29 20:39:59', '2004-07-03 04:36:39');
insert into PUBLIC.Book_usage (BOOK_ID, USED_SINCE, USED_UNTIL) values (98, '2005-12-29 14:31:09', '2007-09-30 15:07:37');
insert into PUBLIC.Book_usage (BOOK_ID, USED_SINCE, USED_UNTIL) values (99, '2010-12-15 01:49:16', '2002-11-13 03:18:36');
insert into PUBLIC.Book_usage (BOOK_ID, USED_SINCE, USED_UNTIL) values (100, '2010-05-21 22:10:39', '2011-09-30 01:06:50');
insert into PUBLIC.Book_usage (BOOK_ID, USED_SINCE, USED_UNTIL) values (101, '2005-04-09 18:25:19', '2007-05-22 04:59:55');
insert into PUBLIC.Book_usage (BOOK_ID, USED_SINCE, USED_UNTIL) values (102, '2006-11-08 07:10:59', '2010-05-26 10:50:56');
insert into PUBLIC.Book_usage (BOOK_ID, USED_SINCE, USED_UNTIL) values (103, '2003-03-12 22:40:12', '2008-03-25 19:27:12');
insert into PUBLIC.Book_usage (BOOK_ID, USED_SINCE, USED_UNTIL) values (104, '2012-10-11 19:25:41', '2005-02-09 03:36:14');
insert into PUBLIC.Book_usage (BOOK_ID, USED_SINCE, USED_UNTIL) values (105, '2009-01-02 03:00:13', '2009-05-13 22:29:55');
insert into PUBLIC.Book_usage (BOOK_ID, USED_SINCE, USED_UNTIL) values (106, '2001-07-05 00:13:23', '2014-06-10 20:47:24');
insert into PUBLIC.Book_usage (BOOK_ID, USED_SINCE, USED_UNTIL) values (107, '2009-02-23 03:29:19', '2001-08-30 19:07:29');
insert into PUBLIC.Book_usage (BOOK_ID, USED_SINCE, USED_UNTIL) values (108, '2008-05-07 20:25:51', '2013-08-25 19:10:35');
insert into PUBLIC.Book_usage (BOOK_ID, USED_SINCE, USED_UNTIL) values (109, '2014-05-07 22:22:30', '2008-03-01 18:28:00');
insert into PUBLIC.Book_usage (BOOK_ID, USED_SINCE, USED_UNTIL) values (110, '2011-07-27 12:40:49', '2002-08-15 15:32:24');
insert into PUBLIC.Book_usage (BOOK_ID, USED_SINCE, USED_UNTIL) values (111, '2012-10-24 13:19:01', '2002-09-18 11:52:36');
insert into PUBLIC.Book_usage (BOOK_ID, USED_SINCE, USED_UNTIL) values (112, '2003-12-16 04:26:54', '2009-02-19 09:23:48');
insert into PUBLIC.Book_usage (BOOK_ID, USED_SINCE, USED_UNTIL) values (113, '2011-03-09 11:38:07', '2004-03-26 19:01:18');
insert into PUBLIC.Book_usage (BOOK_ID, USED_SINCE, USED_UNTIL) values (114, '2003-10-26 03:04:03', '2009-03-15 16:05:04');
insert into PUBLIC.Book_usage (BOOK_ID, USED_SINCE, USED_UNTIL) values (115, '2000-11-27 07:38:11', '2009-08-09 15:32:42');
insert into PUBLIC.Book_usage (BOOK_ID, USED_SINCE, USED_UNTIL) values (116, '2014-09-19 21:05:20', '2001-11-23 18:11:47');
insert into PUBLIC.Book_usage (BOOK_ID, USED_SINCE, USED_UNTIL) values (117, '2009-09-09 08:57:41', '2009-09-06 06:41:35');
insert into PUBLIC.Book_usage (BOOK_ID, USED_SINCE, USED_UNTIL) values (118, '2001-05-25 12:58:23', '2001-05-02 18:26:50');
insert into PUBLIC.Book_usage (BOOK_ID, USED_SINCE, USED_UNTIL) values (119, '2014-07-23 09:52:14', '2003-04-29 14:03:40');
insert into PUBLIC.Book_usage (BOOK_ID, USED_SINCE, USED_UNTIL) values (120, '2001-09-18 06:34:28', '2008-04-20 21:09:07');
insert into PUBLIC.Book_usage (BOOK_ID, USED_SINCE, USED_UNTIL) values (121, '2013-05-28 09:27:17', '2012-04-25 23:27:15');
insert into PUBLIC.Book_usage (BOOK_ID, USED_SINCE, USED_UNTIL) values (122, '2013-10-03 11:13:39', '2013-08-29 17:29:55');
insert into PUBLIC.Book_usage (BOOK_ID, USED_SINCE, USED_UNTIL) values (123, '2007-07-17 08:47:50', '2014-11-12 20:05:10');
insert into PUBLIC.Book_usage (BOOK_ID, USED_SINCE, USED_UNTIL) values (124, '2000-08-29 18:45:44', '2010-10-25 13:42:06');
insert into PUBLIC.Book_usage (BOOK_ID, USED_SINCE, USED_UNTIL) values (125, '2004-01-27 22:31:15', '2006-10-17 14:07:39');
insert into PUBLIC.Book_usage (BOOK_ID, USED_SINCE, USED_UNTIL) values (126, '2005-06-25 11:17:40', '2006-11-21 06:20:19');
insert into PUBLIC.Book_usage (BOOK_ID, USED_SINCE, USED_UNTIL) values (127, '2013-11-29 12:36:42', '2010-04-02 14:52:00');
insert into PUBLIC.Book_usage (BOOK_ID, USED_SINCE, USED_UNTIL) values (128, '2001-11-25 17:11:47', '2010-10-23 11:29:25');
insert into PUBLIC.Book_usage (BOOK_ID, USED_SINCE, USED_UNTIL) values (129, '2008-12-08 12:06:04', '2007-09-09 08:22:38');
insert into PUBLIC.Book_usage (BOOK_ID, USED_SINCE, USED_UNTIL) values (130, '2003-09-11 06:03:58', '2003-10-17 04:30:17');
insert into PUBLIC.Book_usage (BOOK_ID, USED_SINCE, USED_UNTIL) values (131, '2008-02-21 14:43:47', '2003-01-13 08:06:35');
insert into PUBLIC.Book_usage (BOOK_ID, USED_SINCE, USED_UNTIL) values (132, '2007-02-16 09:02:54', '2008-06-17 20:27:46');
insert into PUBLIC.Book_usage (BOOK_ID, USED_SINCE, USED_UNTIL) values (133, '2002-10-12 19:58:09', '2005-09-17 12:29:46');
insert into PUBLIC.Book_usage (BOOK_ID, USED_SINCE, USED_UNTIL) values (134, '2013-06-20 00:09:46', '2002-01-18 19:37:45');
insert into PUBLIC.Book_usage (BOOK_ID, USED_SINCE, USED_UNTIL) values (135, '2009-01-10 09:08:44', '2009-10-17 21:16:01');
insert into PUBLIC.Book_usage (BOOK_ID, USED_SINCE, USED_UNTIL) values (136, '2005-12-07 09:59:01', '2005-11-22 13:35:14');
insert into PUBLIC.Book_usage (BOOK_ID, USED_SINCE, USED_UNTIL) values (137, '2014-01-01 15:49:59', '2011-04-24 10:30:28');
insert into PUBLIC.Book_usage (BOOK_ID, USED_SINCE, USED_UNTIL) values (138, '2008-05-24 23:30:35', '2004-06-04 05:45:14');
insert into PUBLIC.Book_usage (BOOK_ID, USED_SINCE, USED_UNTIL) values (139, '2002-02-08 10:55:45', '2001-12-05 03:41:18');
insert into PUBLIC.Book_usage (BOOK_ID, USED_SINCE, USED_UNTIL) values (140, '2012-07-30 06:33:24', '2008-02-09 13:30:26');
insert into PUBLIC.Book_usage (BOOK_ID, USED_SINCE, USED_UNTIL) values (141, '2004-11-07 18:05:55', '2012-07-05 01:57:27');
insert into PUBLIC.Book_usage (BOOK_ID, USED_SINCE, USED_UNTIL) values (142, '2000-07-11 23:05:47', '2009-03-29 19:14:37');
insert into PUBLIC.Book_usage (BOOK_ID, USED_SINCE, USED_UNTIL) values (143, '2011-07-25 01:04:20', '2013-05-28 00:43:19');
insert into PUBLIC.Book_usage (BOOK_ID, USED_SINCE, USED_UNTIL) values (144, '2003-08-28 23:15:49', '2001-05-09 20:00:25');
insert into PUBLIC.Book_usage (BOOK_ID, USED_SINCE, USED_UNTIL) values (145, '2013-10-03 20:12:38', '2011-08-25 11:22:41');
insert into PUBLIC.Book_usage (BOOK_ID, USED_SINCE, USED_UNTIL) values (146, '2004-08-12 09:49:28', '2001-05-23 17:58:32');
insert into PUBLIC.Book_usage (BOOK_ID, USED_SINCE, USED_UNTIL) values (147, '2009-06-10 15:25:36', '2003-11-18 01:43:14');
insert into PUBLIC.Book_usage (BOOK_ID, USED_SINCE, USED_UNTIL) values (148, '2013-06-15 17:18:49', '2012-04-09 02:03:32');
insert into PUBLIC.Book_usage (BOOK_ID, USED_SINCE, USED_UNTIL) values (149, '2009-01-07 17:12:28', '2001-10-29 06:40:27');
insert into PUBLIC.Book_usage (BOOK_ID, USED_SINCE, USED_UNTIL) values (150, '2012-08-14 12:32:05', '2006-09-28 14:13:59');
insert into PUBLIC.Book_usage (BOOK_ID, USED_SINCE, USED_UNTIL) values (151, '2014-06-22 04:29:44', '2010-07-19 21:42:16');
insert into PUBLIC.Book_usage (BOOK_ID, USED_SINCE, USED_UNTIL) values (152, '2005-11-19 09:26:39', '2002-07-25 22:05:36');
insert into PUBLIC.Book_usage (BOOK_ID, USED_SINCE, USED_UNTIL) values (153, '2008-06-27 12:30:02', '2011-09-06 00:58:40');
insert into PUBLIC.Book_usage (BOOK_ID, USED_SINCE, USED_UNTIL) values (154, '2006-08-09 18:56:54', '2009-11-28 15:46:29');
insert into PUBLIC.Book_usage (BOOK_ID, USED_SINCE, USED_UNTIL) values (155, '2013-11-27 16:28:58', '2013-08-22 16:22:13');
insert into PUBLIC.Book_usage (BOOK_ID, USED_SINCE, USED_UNTIL) values (156, '2011-01-10 12:10:53', '2004-01-25 09:59:29');
insert into PUBLIC.Book_usage (BOOK_ID, USED_SINCE, USED_UNTIL) values (157, '2007-11-25 11:04:45', '2006-05-10 21:04:35');
insert into PUBLIC.Book_usage (BOOK_ID, USED_SINCE, USED_UNTIL) values (158, '2006-03-23 00:31:22', '2004-11-18 07:02:54');
insert into PUBLIC.Book_usage (BOOK_ID, USED_SINCE, USED_UNTIL) values (159, '2015-04-09 06:27:07', '2012-08-14 23:03:54');
insert into PUBLIC.Book_usage (BOOK_ID, USED_SINCE, USED_UNTIL) values (160, '2012-10-10 01:37:00', '2003-04-06 22:25:35');
insert into PUBLIC.Book_usage (BOOK_ID, USED_SINCE, USED_UNTIL) values (161, '2002-08-24 14:01:35', '2002-08-02 23:31:19');
insert into PUBLIC.Book_usage (BOOK_ID, USED_SINCE, USED_UNTIL) values (162, '2005-01-20 16:40:27', '2014-07-08 06:20:32');
insert into PUBLIC.Book_usage (BOOK_ID, USED_SINCE, USED_UNTIL) values (163, '2003-01-29 15:14:59', '2011-04-19 21:30:06');
insert into PUBLIC.Book_usage (BOOK_ID, USED_SINCE, USED_UNTIL) values (164, '2014-11-28 22:16:31', '2003-03-24 04:42:51');
insert into PUBLIC.Book_usage (BOOK_ID, USED_SINCE, USED_UNTIL) values (165, '2006-07-27 11:17:22', '2006-03-04 06:56:23');
insert into PUBLIC.Book_usage (BOOK_ID, USED_SINCE, USED_UNTIL) values (166, '2006-05-25 01:17:29', '2012-11-01 17:23:57');
insert into PUBLIC.Book_usage (BOOK_ID, USED_SINCE, USED_UNTIL) values (167, '2014-03-26 15:27:25', '2001-02-12 15:42:54');
insert into PUBLIC.Book_usage (BOOK_ID, USED_SINCE, USED_UNTIL) values (168, '2002-03-27 03:56:11', '2013-07-26 07:46:49');
insert into PUBLIC.Book_usage (BOOK_ID, USED_SINCE, USED_UNTIL) values (169, '2010-12-26 12:22:29', '2012-02-23 10:38:57');
insert into PUBLIC.Book_usage (BOOK_ID, USED_SINCE, USED_UNTIL) values (170, '2013-11-04 17:54:56', '2010-09-21 11:32:19');
insert into PUBLIC.Book_usage (BOOK_ID, USED_SINCE, USED_UNTIL) values (171, '2011-03-25 01:11:35', '2010-09-29 08:59:05');
insert into PUBLIC.Book_usage (BOOK_ID, USED_SINCE, USED_UNTIL) values (172, '2010-03-24 01:11:16', '2014-08-28 16:24:19');
insert into PUBLIC.Book_usage (BOOK_ID, USED_SINCE, USED_UNTIL) values (173, '2009-07-05 04:02:08', '2012-12-27 23:42:30');
insert into PUBLIC.Book_usage (BOOK_ID, USED_SINCE, USED_UNTIL) values (174, '2014-04-27 08:31:07', '2006-04-27 21:11:15');
insert into PUBLIC.Book_usage (BOOK_ID, USED_SINCE, USED_UNTIL) values (175, '2007-05-11 07:44:37', '2011-06-28 12:24:37');
insert into PUBLIC.Book_usage (BOOK_ID, USED_SINCE, USED_UNTIL) values (176, '2005-06-12 13:25:21', '2014-02-03 03:14:24');
insert into PUBLIC.Book_usage (BOOK_ID, USED_SINCE, USED_UNTIL) values (177, '2002-10-28 06:41:35', '2012-06-07 21:21:40');
insert into PUBLIC.Book_usage (BOOK_ID, USED_SINCE, USED_UNTIL) values (178, '2001-04-21 00:50:20', '2012-01-02 23:31:14');
insert into PUBLIC.Book_usage (BOOK_ID, USED_SINCE, USED_UNTIL) values (179, '2000-06-08 10:03:49', '2005-12-28 23:27:49');
insert into PUBLIC.Book_usage (BOOK_ID, USED_SINCE, USED_UNTIL) values (180, '2003-12-23 12:23:50', '2011-01-08 14:40:28');
insert into PUBLIC.Book_usage (BOOK_ID, USED_SINCE, USED_UNTIL) values (181, '2002-01-15 03:43:32', '2005-12-21 12:16:59');
insert into PUBLIC.Book_usage (BOOK_ID, USED_SINCE, USED_UNTIL) values (182, '2010-04-07 07:11:50', '2007-05-15 13:47:21');
insert into PUBLIC.Book_usage (BOOK_ID, USED_SINCE, USED_UNTIL) values (183, '2004-11-18 06:47:53', '2003-09-18 04:54:37');
insert into PUBLIC.Book_usage (BOOK_ID, USED_SINCE, USED_UNTIL) values (184, '2006-07-31 14:50:20', '2006-01-31 10:00:10');
insert into PUBLIC.Book_usage (BOOK_ID, USED_SINCE, USED_UNTIL) values (185, '2008-12-19 19:52:05', '2010-03-23 21:35:21');
insert into PUBLIC.Book_usage (BOOK_ID, USED_SINCE, USED_UNTIL) values (186, '2002-04-10 09:25:36', '2012-01-15 02:44:15');
insert into PUBLIC.Book_usage (BOOK_ID, USED_SINCE, USED_UNTIL) values (187, '2009-09-13 14:57:48', '2003-09-08 10:48:27');
insert into PUBLIC.Book_usage (BOOK_ID, USED_SINCE, USED_UNTIL) values (188, '2004-08-14 20:35:16', '2006-05-15 10:23:45');
insert into PUBLIC.Book_usage (BOOK_ID, USED_SINCE, USED_UNTIL) values (189, '2014-04-23 08:23:57', '2015-01-17 12:55:26');
insert into PUBLIC.Book_usage (BOOK_ID, USED_SINCE, USED_UNTIL) values (190, '2011-03-09 16:36:45', '2002-12-10 21:04:15');
insert into PUBLIC.Book_usage (BOOK_ID, USED_SINCE, USED_UNTIL) values (191, '2000-07-27 00:11:09', '2015-03-01 08:17:16');
insert into PUBLIC.Book_usage (BOOK_ID, USED_SINCE, USED_UNTIL) values (192, '2000-12-17 23:00:36', '2012-03-30 22:49:53');
insert into PUBLIC.Book_usage (BOOK_ID, USED_SINCE, USED_UNTIL) values (193, '2012-02-05 11:36:22', '2002-12-08 12:42:52');
insert into PUBLIC.Book_usage (BOOK_ID, USED_SINCE, USED_UNTIL) values (194, '2001-11-21 15:34:34', '2011-08-03 05:31:42');
insert into PUBLIC.Book_usage (BOOK_ID, USED_SINCE, USED_UNTIL) values (195, '2013-09-24 18:09:14', '2007-01-27 13:09:51');
insert into PUBLIC.Book_usage (BOOK_ID, USED_SINCE, USED_UNTIL) values (196, '2014-11-24 21:56:14', '2012-08-28 02:20:48');
insert into PUBLIC.Book_usage (BOOK_ID, USED_SINCE, USED_UNTIL) values (197, '2003-08-29 17:03:24', '2006-04-14 04:17:08');
insert into PUBLIC.Book_usage (BOOK_ID, USED_SINCE, USED_UNTIL) values (198, '2009-08-30 22:22:32', '2004-09-17 18:38:37');
insert into PUBLIC.Book_usage (BOOK_ID, USED_SINCE, USED_UNTIL) values (199, '2002-01-14 13:32:05', '2007-01-18 17:53:14');
insert into PUBLIC.Book_usage (BOOK_ID, USED_SINCE, USED_UNTIL) values (200, '2003-12-02 02:24:53', '2005-08-08 03:54:55');

insert into PUBLIC.RATING (BOOK_ID, RATING) values (1, 3);
insert into PUBLIC.RATING (BOOK_ID, RATING) values (2, 21);
insert into PUBLIC.RATING (BOOK_ID, RATING) values (3, 26);
insert into PUBLIC.RATING (BOOK_ID, RATING) values (4, 22);
insert into PUBLIC.RATING (BOOK_ID, RATING) values (5, 27);
insert into PUBLIC.RATING (BOOK_ID, RATING) values (6, 11);
insert into PUBLIC.RATING (BOOK_ID, RATING) values (7, 16);
insert into PUBLIC.RATING (BOOK_ID, RATING) values (8, 1);
insert into PUBLIC.RATING (BOOK_ID, RATING) values (9, 10);
insert into PUBLIC.RATING (BOOK_ID, RATING) values (10, 5);
insert into PUBLIC.RATING (BOOK_ID, RATING) values (11, 13);
insert into PUBLIC.RATING (BOOK_ID, RATING) values (12, 3);
insert into PUBLIC.RATING (BOOK_ID, RATING) values (13, 29);
insert into PUBLIC.RATING (BOOK_ID, RATING) values (14, 25);
insert into PUBLIC.RATING (BOOK_ID, RATING) values (15, 18);
insert into PUBLIC.RATING (BOOK_ID, RATING) values (16, 19);
insert into PUBLIC.RATING (BOOK_ID, RATING) values (17, 0);
insert into PUBLIC.RATING (BOOK_ID, RATING) values (18, 1);
insert into PUBLIC.RATING (BOOK_ID, RATING) values (19, 4);
insert into PUBLIC.RATING (BOOK_ID, RATING) values (20, 30);
insert into PUBLIC.RATING (BOOK_ID, RATING) values (21, 27);
insert into PUBLIC.RATING (BOOK_ID, RATING) values (22, 26);
insert into PUBLIC.RATING (BOOK_ID, RATING) values (23, 23);
insert into PUBLIC.RATING (BOOK_ID, RATING) values (24, 20);
insert into PUBLIC.RATING (BOOK_ID, RATING) values (25, 25);
insert into PUBLIC.RATING (BOOK_ID, RATING) values (26, 8);
insert into PUBLIC.RATING (BOOK_ID, RATING) values (27, 10);
insert into PUBLIC.RATING (BOOK_ID, RATING) values (28, 9);
insert into PUBLIC.RATING (BOOK_ID, RATING) values (29, 26);
insert into PUBLIC.RATING (BOOK_ID, RATING) values (30, 0);
insert into PUBLIC.RATING (BOOK_ID, RATING) values (31, 10);
insert into PUBLIC.RATING (BOOK_ID, RATING) values (32, 3);
insert into PUBLIC.RATING (BOOK_ID, RATING) values (33, 28);
insert into PUBLIC.RATING (BOOK_ID, RATING) values (34, 11);
insert into PUBLIC.RATING (BOOK_ID, RATING) values (35, 30);
insert into PUBLIC.RATING (BOOK_ID, RATING) values (36, 24);
insert into PUBLIC.RATING (BOOK_ID, RATING) values (37, 28);
insert into PUBLIC.RATING (BOOK_ID, RATING) values (38, 30);
insert into PUBLIC.RATING (BOOK_ID, RATING) values (39, 9);
insert into PUBLIC.RATING (BOOK_ID, RATING) values (40, 11);
insert into PUBLIC.RATING (BOOK_ID, RATING) values (41, 1);
insert into PUBLIC.RATING (BOOK_ID, RATING) values (42, 14);
insert into PUBLIC.RATING (BOOK_ID, RATING) values (43, 20);
insert into PUBLIC.RATING (BOOK_ID, RATING) values (44, 24);
insert into PUBLIC.RATING (BOOK_ID, RATING) values (45, 2);
insert into PUBLIC.RATING (BOOK_ID, RATING) values (46, 23);
insert into PUBLIC.RATING (BOOK_ID, RATING) values (47, 26);
insert into PUBLIC.RATING (BOOK_ID, RATING) values (48, 20);
insert into PUBLIC.RATING (BOOK_ID, RATING) values (49, 30);
insert into PUBLIC.RATING (BOOK_ID, RATING) values (50, 3);
insert into PUBLIC.RATING (BOOK_ID, RATING) values (51, 18);
insert into PUBLIC.RATING (BOOK_ID, RATING) values (52, 7);
insert into PUBLIC.RATING (BOOK_ID, RATING) values (53, 17);
insert into PUBLIC.RATING (BOOK_ID, RATING) values (54, 18);
insert into PUBLIC.RATING (BOOK_ID, RATING) values (55, 1);
insert into PUBLIC.RATING (BOOK_ID, RATING) values (56, 0);
insert into PUBLIC.RATING (BOOK_ID, RATING) values (57, 20);
insert into PUBLIC.RATING (BOOK_ID, RATING) values (58, 3);
insert into PUBLIC.RATING (BOOK_ID, RATING) values (59, 15);
insert into PUBLIC.RATING (BOOK_ID, RATING) values (60, 24);
insert into PUBLIC.RATING (BOOK_ID, RATING) values (61, 7);
insert into PUBLIC.RATING (BOOK_ID, RATING) values (62, 10);
insert into PUBLIC.RATING (BOOK_ID, RATING) values (63, 17);
insert into PUBLIC.RATING (BOOK_ID, RATING) values (64, 29);
insert into PUBLIC.RATING (BOOK_ID, RATING) values (65, 12);
insert into PUBLIC.RATING (BOOK_ID, RATING) values (66, 3);
insert into PUBLIC.RATING (BOOK_ID, RATING) values (67, 17);
insert into PUBLIC.RATING (BOOK_ID, RATING) values (68, 14);
insert into PUBLIC.RATING (BOOK_ID, RATING) values (69, 8);
insert into PUBLIC.RATING (BOOK_ID, RATING) values (70, 18);
insert into PUBLIC.RATING (BOOK_ID, RATING) values (71, 24);
insert into PUBLIC.RATING (BOOK_ID, RATING) values (72, 11);
insert into PUBLIC.RATING (BOOK_ID, RATING) values (73, 22);
insert into PUBLIC.RATING (BOOK_ID, RATING) values (74, 4);
insert into PUBLIC.RATING (BOOK_ID, RATING) values (75, 10);
insert into PUBLIC.RATING (BOOK_ID, RATING) values (76, 17);
insert into PUBLIC.RATING (BOOK_ID, RATING) values (77, 8);
insert into PUBLIC.RATING (BOOK_ID, RATING) values (78, 23);
insert into PUBLIC.RATING (BOOK_ID, RATING) values (79, 2);
insert into PUBLIC.RATING (BOOK_ID, RATING) values (80, 0);
insert into PUBLIC.RATING (BOOK_ID, RATING) values (81, 12);
insert into PUBLIC.RATING (BOOK_ID, RATING) values (82, 15);
insert into PUBLIC.RATING (BOOK_ID, RATING) values (83, 22);
insert into PUBLIC.RATING (BOOK_ID, RATING) values (84, 20);
insert into PUBLIC.RATING (BOOK_ID, RATING) values (85, 16);
insert into PUBLIC.RATING (BOOK_ID, RATING) values (86, 26);
insert into PUBLIC.RATING (BOOK_ID, RATING) values (87, 7);
insert into PUBLIC.RATING (BOOK_ID, RATING) values (88, 3);
insert into PUBLIC.RATING (BOOK_ID, RATING) values (89, 5);
insert into PUBLIC.RATING (BOOK_ID, RATING) values (90, 17);
insert into PUBLIC.RATING (BOOK_ID, RATING) values (91, 10);
insert into PUBLIC.RATING (BOOK_ID, RATING) values (92, 10);
insert into PUBLIC.RATING (BOOK_ID, RATING) values (93, 6);
insert into PUBLIC.RATING (BOOK_ID, RATING) values (94, 3);
insert into PUBLIC.RATING (BOOK_ID, RATING) values (95, 1);
insert into PUBLIC.RATING (BOOK_ID, RATING) values (96, 11);
insert into PUBLIC.RATING (BOOK_ID, RATING) values (97, 9);
insert into PUBLIC.RATING (BOOK_ID, RATING) values (98, 3);
insert into PUBLIC.RATING (BOOK_ID, RATING) values (99, 9);
insert into PUBLIC.RATING (BOOK_ID, RATING) values (100, 24);
insert into PUBLIC.RATING (BOOK_ID, RATING) values (101, 8);
insert into PUBLIC.RATING (BOOK_ID, RATING) values (102, 6);
insert into PUBLIC.RATING (BOOK_ID, RATING) values (103, 15);
insert into PUBLIC.RATING (BOOK_ID, RATING) values (104, 7);
insert into PUBLIC.RATING (BOOK_ID, RATING) values (105, 25);
insert into PUBLIC.RATING (BOOK_ID, RATING) values (106, 23);
insert into PUBLIC.RATING (BOOK_ID, RATING) values (107, 14);
insert into PUBLIC.RATING (BOOK_ID, RATING) values (108, 19);
insert into PUBLIC.RATING (BOOK_ID, RATING) values (109, 1);
insert into PUBLIC.RATING (BOOK_ID, RATING) values (110, 14);
insert into PUBLIC.RATING (BOOK_ID, RATING) values (111, 3);
insert into PUBLIC.RATING (BOOK_ID, RATING) values (112, 16);
insert into PUBLIC.RATING (BOOK_ID, RATING) values (113, 2);
insert into PUBLIC.RATING (BOOK_ID, RATING) values (114, 20);
insert into PUBLIC.RATING (BOOK_ID, RATING) values (115, 3);
insert into PUBLIC.RATING (BOOK_ID, RATING) values (116, 20);
insert into PUBLIC.RATING (BOOK_ID, RATING) values (117, 13);
insert into PUBLIC.RATING (BOOK_ID, RATING) values (118, 10);
insert into PUBLIC.RATING (BOOK_ID, RATING) values (119, 2);
insert into PUBLIC.RATING (BOOK_ID, RATING) values (120, 18);
insert into PUBLIC.RATING (BOOK_ID, RATING) values (121, 30);
insert into PUBLIC.RATING (BOOK_ID, RATING) values (122, 27);
insert into PUBLIC.RATING (BOOK_ID, RATING) values (123, 1);
insert into PUBLIC.RATING (BOOK_ID, RATING) values (124, 20);
insert into PUBLIC.RATING (BOOK_ID, RATING) values (125, 28);
insert into PUBLIC.RATING (BOOK_ID, RATING) values (126, 29);
insert into PUBLIC.RATING (BOOK_ID, RATING) values (127, 4);
insert into PUBLIC.RATING (BOOK_ID, RATING) values (128, 2);
insert into PUBLIC.RATING (BOOK_ID, RATING) values (129, 1);
insert into PUBLIC.RATING (BOOK_ID, RATING) values (130, 20);
insert into PUBLIC.RATING (BOOK_ID, RATING) values (131, 19);
insert into PUBLIC.RATING (BOOK_ID, RATING) values (132, 26);
insert into PUBLIC.RATING (BOOK_ID, RATING) values (133, 21);
insert into PUBLIC.RATING (BOOK_ID, RATING) values (134, 11);
insert into PUBLIC.RATING (BOOK_ID, RATING) values (135, 30);
insert into PUBLIC.RATING (BOOK_ID, RATING) values (136, 21);
insert into PUBLIC.RATING (BOOK_ID, RATING) values (137, 16);
insert into PUBLIC.RATING (BOOK_ID, RATING) values (138, 23);
insert into PUBLIC.RATING (BOOK_ID, RATING) values (139, 30);
insert into PUBLIC.RATING (BOOK_ID, RATING) values (140, 2);
insert into PUBLIC.RATING (BOOK_ID, RATING) values (141, 26);
insert into PUBLIC.RATING (BOOK_ID, RATING) values (142, 30);
insert into PUBLIC.RATING (BOOK_ID, RATING) values (143, 17);
insert into PUBLIC.RATING (BOOK_ID, RATING) values (144, 29);
insert into PUBLIC.RATING (BOOK_ID, RATING) values (145, 0);
insert into PUBLIC.RATING (BOOK_ID, RATING) values (146, 0);
insert into PUBLIC.RATING (BOOK_ID, RATING) values (147, 21);
insert into PUBLIC.RATING (BOOK_ID, RATING) values (148, 0);
insert into PUBLIC.RATING (BOOK_ID, RATING) values (149, 28);
insert into PUBLIC.RATING (BOOK_ID, RATING) values (150, 4);
insert into PUBLIC.RATING (BOOK_ID, RATING) values (151, 0);
insert into PUBLIC.RATING (BOOK_ID, RATING) values (152, 14);
insert into PUBLIC.RATING (BOOK_ID, RATING) values (153, 17);
insert into PUBLIC.RATING (BOOK_ID, RATING) values (154, 29);
insert into PUBLIC.RATING (BOOK_ID, RATING) values (155, 21);
insert into PUBLIC.RATING (BOOK_ID, RATING) values (156, 25);
insert into PUBLIC.RATING (BOOK_ID, RATING) values (157, 17);
insert into PUBLIC.RATING (BOOK_ID, RATING) values (158, 10);
insert into PUBLIC.RATING (BOOK_ID, RATING) values (159, 21);
insert into PUBLIC.RATING (BOOK_ID, RATING) values (160, 25);
insert into PUBLIC.RATING (BOOK_ID, RATING) values (161, 7);
insert into PUBLIC.RATING (BOOK_ID, RATING) values (162, 17);
insert into PUBLIC.RATING (BOOK_ID, RATING) values (163, 21);
insert into PUBLIC.RATING (BOOK_ID, RATING) values (164, 28);
insert into PUBLIC.RATING (BOOK_ID, RATING) values (165, 0);
insert into PUBLIC.RATING (BOOK_ID, RATING) values (166, 23);
insert into PUBLIC.RATING (BOOK_ID, RATING) values (167, 21);
insert into PUBLIC.RATING (BOOK_ID, RATING) values (168, 17);
insert into PUBLIC.RATING (BOOK_ID, RATING) values (169, 25);
insert into PUBLIC.RATING (BOOK_ID, RATING) values (170, 19);
insert into PUBLIC.RATING (BOOK_ID, RATING) values (171, 19);
insert into PUBLIC.RATING (BOOK_ID, RATING) values (172, 8);
insert into PUBLIC.RATING (BOOK_ID, RATING) values (173, 20);
insert into PUBLIC.RATING (BOOK_ID, RATING) values (174, 25);
insert into PUBLIC.RATING (BOOK_ID, RATING) values (175, 28);
insert into PUBLIC.RATING (BOOK_ID, RATING) values (176, 24);
insert into PUBLIC.RATING (BOOK_ID, RATING) values (177, 21);
insert into PUBLIC.RATING (BOOK_ID, RATING) values (178, 6);
insert into PUBLIC.RATING (BOOK_ID, RATING) values (179, 22);
insert into PUBLIC.RATING (BOOK_ID, RATING) values (180, 7);
insert into PUBLIC.RATING (BOOK_ID, RATING) values (181, 3);
insert into PUBLIC.RATING (BOOK_ID, RATING) values (182, 7);
insert into PUBLIC.RATING (BOOK_ID, RATING) values (183, 7);
insert into PUBLIC.RATING (BOOK_ID, RATING) values (184, 15);
insert into PUBLIC.RATING (BOOK_ID, RATING) values (185, 10);
insert into PUBLIC.RATING (BOOK_ID, RATING) values (186, 0);
insert into PUBLIC.RATING (BOOK_ID, RATING) values (187, 12);
insert into PUBLIC.RATING (BOOK_ID, RATING) values (188, 7);
insert into PUBLIC.RATING (BOOK_ID, RATING) values (189, 6);
insert into PUBLIC.RATING (BOOK_ID, RATING) values (190, 16);
insert into PUBLIC.RATING (BOOK_ID, RATING) values (191, 29);
insert into PUBLIC.RATING (BOOK_ID, RATING) values (192, 17);
insert into PUBLIC.RATING (BOOK_ID, RATING) values (193, 25);
insert into PUBLIC.RATING (BOOK_ID, RATING) values (194, 4);
insert into PUBLIC.RATING (BOOK_ID, RATING) values (195, 3);
insert into PUBLIC.RATING (BOOK_ID, RATING) values (196, 2);
insert into PUBLIC.RATING (BOOK_ID, RATING) values (197, 20);
insert into PUBLIC.RATING (BOOK_ID, RATING) values (198, 3);
insert into PUBLIC.RATING (BOOK_ID, RATING) values (199, 7);
insert into PUBLIC.RATING (BOOK_ID, RATING) values (200, 10);